<?xml version="1.0" encoding="UTF-8"?>
<metadata xml:lang="en"><Esri><CreaDate>20160803</CreaDate><CreaTime>10513100</CreaTime><ArcGISFormat>1.0</ArcGISFormat><SyncOnce>FALSE</SyncOnce><DataProperties><itemProps><itemName Sync="TRUE">AllBikewaysWithinFresnoClovis</itemName><imsContentType Sync="TRUE">002</imsContentType><itemLocation><linkage Sync="TRUE">file://\\APD-T5810-2\C$\Users\chesterharvey\odrive\Box (Alta)\Alta Server\Projects\2016\00-2016-093 Fresno - Clovis COG Class IV Bikeway Feasibility Study\GIS\Data\16-093_FresnoClovisClassIVStudy_Project.gdb</linkage><protocol Sync="TRUE">Local Area Network</protocol></itemLocation></itemProps><coordRef><type Sync="TRUE">Projected</type><geogcsn Sync="TRUE">GCS_North_American_1983</geogcsn><projcsn Sync="TRUE">NAD_1983_StatePlane_California_IV_FIPS_0404_Feet</projcsn><peXml Sync="TRUE">&lt;ProjectedCoordinateSystem xsi:type='typens:ProjectedCoordinateSystem' xmlns:xsi='http://www.w3.org/2001/XMLSchema-instance' xmlns:xs='http://www.w3.org/2001/XMLSchema' xmlns:typens='http://www.esri.com/schemas/ArcGIS/10.3'&gt;&lt;WKT&gt;PROJCS[&amp;quot;NAD_1983_StatePlane_California_IV_FIPS_0404_Feet&amp;quot;,GEOGCS[&amp;quot;GCS_North_American_1983&amp;quot;,DATUM[&amp;quot;D_North_American_1983&amp;quot;,SPHEROID[&amp;quot;GRS_1980&amp;quot;,6378137.0,298.257222101]],PRIMEM[&amp;quot;Greenwich&amp;quot;,0.0],UNIT[&amp;quot;Degree&amp;quot;,0.0174532925199433]],PROJECTION[&amp;quot;Lambert_Conformal_Conic&amp;quot;],PARAMETER[&amp;quot;False_Easting&amp;quot;,6561666.666666666],PARAMETER[&amp;quot;False_Northing&amp;quot;,1640416.666666667],PARAMETER[&amp;quot;Central_Meridian&amp;quot;,-119.0],PARAMETER[&amp;quot;Standard_Parallel_1&amp;quot;,36.0],PARAMETER[&amp;quot;Standard_Parallel_2&amp;quot;,37.25],PARAMETER[&amp;quot;Latitude_Of_Origin&amp;quot;,35.33333333333334],UNIT[&amp;quot;Foot_US&amp;quot;,0.3048006096012192],AUTHORITY[&amp;quot;EPSG&amp;quot;,2228]]&lt;/WKT&gt;&lt;XOrigin&gt;-116466200&lt;/XOrigin&gt;&lt;YOrigin&gt;-92735300&lt;/YOrigin&gt;&lt;XYScale&gt;3048.0060960121918&lt;/XYScale&gt;&lt;ZOrigin&gt;-100000&lt;/ZOrigin&gt;&lt;ZScale&gt;10000&lt;/ZScale&gt;&lt;MOrigin&gt;-100000&lt;/MOrigin&gt;&lt;MScale&gt;10000&lt;/MScale&gt;&lt;XYTolerance&gt;0.0032808333333333331&lt;/XYTolerance&gt;&lt;ZTolerance&gt;0.001&lt;/ZTolerance&gt;&lt;MTolerance&gt;0.001&lt;/MTolerance&gt;&lt;HighPrecision&gt;true&lt;/HighPrecision&gt;&lt;WKID&gt;102644&lt;/WKID&gt;&lt;LatestWKID&gt;2228&lt;/LatestWKID&gt;&lt;/ProjectedCoordinateSystem&gt;</peXml><csUnits Sync="TRUE">Linear Unit: Foot_US (0.304801)</csUnits></coordRef><lineage><Process ToolSource="C:\Program Files (x86)\ArcGIS\Engine10.0\ArcToolbox\Toolboxes\Data Management Tools.tbx\CopyFeatures" Date="20120906" Time="122016">CopyFeatures "M:\GIS layers\Bike Maps\6-10-2009-bikeways_clovis\trails_042005.shp" "M:\GIS layers\COG Data.gdb\Bikeways_and_Trails\trails_042005" # 0 0 0</Process><Process ToolSource="C:\Program Files (x86)\ArcGIS\Desktop10.0\ArcToolbox\Toolboxes\Data Management Tools.tbx\Merge" Date="20120924" Time="090945">Merge Clovis_Trails;Fresno_Trails "M:\GIS layers\COG Data.gdb\Bike_and_Trail\Trails" "NAME "NAME" true true false 25 Text 0 0 ,First,#,Fresno_Trails,NAME,-1,-1,Clovis_Trails,TITLE,-1,-1;CLASS "CLASS" true true false 2 Short 0 0 ,First,#,Fresno_Trails,CLASS,-1,-1"</Process><Process ToolSource="C:\Program Files (x86)\ArcGIS\Desktop10.0\ArcToolbox\Toolboxes\Data Management Tools.tbx\CalculateField" Date="20120924" Time="091127">CalculateField Trails CLASS 1 VB #</Process><Process ToolSource="c:\program files (x86)\arcgis\desktop10.3\ArcToolbox\Toolboxes\Data Management Tools.tbx\CopyFeatures" Date="20160708" Time="135724">CopyFeatures "Bike and Ped\Trails" "C:\Users\chesterharvey\Box Sync\16-093 Fresno-Clovis Metropolitan Area Class IV Separated Bikeway Feasibility Study\Data\16-093_FresnoClovisClassIVStudy_Project.gdb\MetroAreaFeatures\Bike_and_Ped_Trails" # 0 0 0</Process><Process ToolSource="c:\program files (x86)\arcgis\desktop10.3\ArcToolbox\Toolboxes\Data Management Tools.tbx\CopyFeatures" Date="20160728" Time="155750">CopyFeatures Bike_and_Ped_Trails "C:\Users\chesterharvey\odrive\Box (Alta)\Alta Server\Projects\2016\00-2016-093 Fresno - Clovis COG Class IV Bikeway Feasibility Study\GIS\Processes\16-093_FresnoClovis_LTS\16-093_FresnoClovis_LTS.gdb\Bike_and_Ped_Trails" # 0 0 0</Process><Process ToolSource="c:\program files (x86)\arcgis\desktop10.3\ArcToolbox\Toolboxes\Data Management Tools.tbx\CalculateField" Date="20160728" Time="155811">CalculateField Bike_and_Ped_Trails Stress 1 VB #</Process><Process ToolSource="c:\program files (x86)\arcgis\desktop10.3\ArcToolbox\Toolboxes\Data Management Tools.tbx\CalculateField" Date="20160728" Time="160052">CalculateField Bike_and_Ped_Trails BikewayClass [CLASS] VB #</Process><Process ToolSource="c:\program files (x86)\arcgis\desktop10.3\ArcToolbox\Toolboxes\Data Management Tools.tbx\CalculateField" Date="20160802" Time="152709">CalculateField Trails CLASS [BikewayClass] VB #</Process><Process ToolSource="c:\program files (x86)\arcgis\desktop10.3\ArcToolbox\Toolboxes\Data Management Tools.tbx\Merge" Date="20160802" Time="152807">Merge Trails;Bike_and_Ped_Bikelanes "C:\Users\chesterharvey\odrive\Box (Alta)\Alta Server\Projects\2016\00-2016-093 Fresno - Clovis COG Class IV Bikeway Feasibility Study\GIS\Data\16-093_FresnoClovisClassIVStudy_Project.gdb\AllBikeways" "NAME "NAME" true true false 25 Text 0 0 ,First,#,Trails,NAME,-1,-1,Bike_and_Ped_Bikelanes,NAME,-1,-1;Shape_Length "Shape_Length" false true true 8 Double 0 0 ,First,#,Trails,Shape_Length,-1,-1,Bike_and_Ped_Bikelanes,Shape_Length,-1,-1;Stress "Stress" true true false 2 Short 0 0 ,First,#,Trails,Stress,-1,-1;BikewayClass "BikewayClass" true true false 2 Short 0 0 ,First,#,Trails,BikewayClass,-1,-1;CLASS "CLASS" true true false 2 Short 0 0 ,First,#,Trails,CLASS,-1,-1,Bike_and_Ped_Bikelanes,CLASS,-1,-1"</Process><Process ToolSource="c:\program files (x86)\arcgis\desktop10.3\ArcToolbox\Toolboxes\Analysis Tools.tbx\Clip" Date="20160802" Time="152856">Clip AllBikeways FresnoClovisCombinedSphereOfInfluence "C:\Users\chesterharvey\odrive\Box (Alta)\Alta Server\Projects\2016\00-2016-093 Fresno - Clovis COG Class IV Bikeway Feasibility Study\GIS\Data\16-093_FresnoClovisClassIVStudy_Project.gdb\AllBikewaysWithinFresnoClovis" #</Process></lineage></DataProperties><SyncDate>20160802</SyncDate><SyncTime>15285600</SyncTime><ModDate>20160802</ModDate><ModTime>15285600</ModTime></Esri><dataIdInfo><envirDesc Sync="TRUE"> Version 6.2 (Build 9200) ; Esri ArcGIS 10.3.1.4959</envirDesc><dataLang><languageCode value="eng" country="USA"></languageCode><countryCode value="USA" Sync="TRUE"></countryCode></dataLang><idCitation><resTitle Sync="TRUE">AllBikewaysWithinFresnoClovis</resTitle><presForm><PresFormCd value="005"></PresFormCd></presForm></idCitation><descKeys><thesaName uuidref="723f6998-058e-11dc-8314-0800200c9a66"></thesaName><keyword Sync="TRUE">002</keyword></descKeys><spatRpType><SpatRepTypCd value="001"></SpatRepTypCd></spatRpType></dataIdInfo><mdLang><languageCode value="eng"></languageCode><countryCode value="USA" Sync="TRUE"></countryCode></mdLang><distInfo><distFormat><formatName Sync="TRUE">File Geodatabase Feature Class</formatName></distFormat></distInfo><mdHrLv><ScopeCd value="005"></ScopeCd></mdHrLv><mdHrLvName Sync="TRUE">dataset</mdHrLvName><refSysInfo><RefSystem><refSysID><identCode code="2228"></identCode><idCodeSpace Sync="TRUE">EPSG</idCodeSpace><idVersion Sync="TRUE">8.6.2</idVersion></refSysID></RefSystem></refSysInfo><spdoinfo><ptvctinf><esriterm Name="AllBikewaysWithinFresnoClovis"><efeatyp Sync="TRUE">Simple</efeatyp><efeageom code="3" Sync="TRUE"></efeageom><esritopo Sync="TRUE">FALSE</esritopo><efeacnt Sync="TRUE">0</efeacnt><spindex Sync="TRUE">TRUE</spindex><linrefer Sync="TRUE">FALSE</linrefer></esriterm></ptvctinf></spdoinfo><spatRepInfo><VectSpatRep><geometObjs Name="AllBikewaysWithinFresnoClovis"><geoObjTyp><GeoObjTypCd value="002" Sync="TRUE"></GeoObjTypCd></geoObjTyp><geoObjCnt Sync="TRUE">0</geoObjCnt></geometObjs><topLvl><TopoLevCd value="001" Sync="TRUE"></TopoLevCd></topLvl></VectSpatRep></spatRepInfo><eainfo><detailed Name="AllBikewaysWithinFresnoClovis"><enttyp><enttypl Sync="TRUE">AllBikewaysWithinFresnoClovis</enttypl><enttypt Sync="TRUE">Feature Class</enttypt><enttypc Sync="TRUE">0</enttypc></enttyp><attr><attrlabl Sync="TRUE">OBJECTID</attrlabl><attalias Sync="TRUE">OBJECTID</attalias><attrtype Sync="TRUE">OID</attrtype><attwidth Sync="TRUE">4</attwidth><atprecis Sync="TRUE">0</atprecis><attscale Sync="TRUE">0</attscale><attrdef Sync="TRUE">Internal feature number.</attrdef><attrdefs Sync="TRUE">ESRI</attrdefs><attrdomv><udom Sync="TRUE">Sequential unique whole numbers that are automatically generated.</udom></attrdomv></attr><attr><attrlabl Sync="TRUE">Shape</attrlabl><attalias Sync="TRUE">Shape</attalias><attrtype Sync="TRUE">Geometry</attrtype><attwidth Sync="TRUE">0</attwidth><atprecis Sync="TRUE">0</atprecis><attscale Sync="TRUE">0</attscale><attrdef Sync="TRUE">Feature geometry.</attrdef><attrdefs Sync="TRUE">ESRI</attrdefs><attrdomv><udom Sync="TRUE">Coordinates defining the features.</udom></attrdomv></attr><attr><attrlabl Sync="TRUE">NAME</attrlabl><attalias Sync="TRUE">NAME</attalias><attrtype Sync="TRUE">String</attrtype><attwidth Sync="TRUE">25</attwidth><atprecis Sync="TRUE">0</atprecis><attscale Sync="TRUE">0</attscale></attr><attr><attrlabl Sync="TRUE">CLASS</attrlabl><attalias Sync="TRUE">CLASS</attalias><attrtype Sync="TRUE">SmallInteger</attrtype><attwidth Sync="TRUE">2</attwidth><atprecis Sync="TRUE">0</atprecis><attscale Sync="TRUE">0</attscale></attr><attr><attrlabl Sync="TRUE">Shape_Length</attrlabl><attalias Sync="TRUE">Shape_Length</attalias><attrtype Sync="TRUE">Double</attrtype><attwidth Sync="TRUE">8</attwidth><atprecis Sync="TRUE">0</atprecis><attscale Sync="TRUE">0</attscale><attrdef Sync="TRUE">Length of feature in internal units.</attrdef><attrdefs Sync="TRUE">ESRI</attrdefs><attrdomv><udom Sync="TRUE">Positive real numbers that are automatically generated.</udom></attrdomv></attr></detailed></eainfo><mdDateSt Sync="TRUE">20160802</mdDateSt></metadata>
